
<testcases>
    <param name="server" value="http://64.207.184.106/sgwall/api" />
    <param name="server_dev" value="http://bankwall.local/" />
    <param name="server_tonydev" value="http://localhost:8888/bank_wall/api" />

    <!--  <case>
       <url>${server_tonydev}/node/list</url>
   </case>

  <case>
        <url>${server}/node/list?page=5</url>
    </case>

    <case>
        <url>${server}/node/list?type=video</url>
    </case>-->

   <case>
       <url>${server}/node/PostByMail</url>
       <method>POST</method>
       <add_header>Content-Type: multipart/form-data</add_header>
       <body><![CDATA[desc=testafile&user=tony@fuel-it-up.com&photo=@file/Users/Tony1/Desktop/a.mp4]]></body>
   </case>

</testcases>
