<?xml version="1.0" encoding="utf-8" standalone="no"?>
<changelog xmlns="http://www.omnigroup.com/namespace/OmniPlan/v2">
  <version>2.0</version>
  <task-change-set user="Tony " date="2013-12-09T09:31:58.139Z" timestamp="2013-12-09T09:31:58.139Z">
    <change idref="t7" to="t-1" to-position="1" resolved="yes">
      <change idref="t7" attribute="title" type="string" to="编码阶段"/>
    </change>
    <change idref="t8" to="t-1" to-position="2" resolved="yes">
      <change idref="t8" attribute="title" type="string" to="测试"/>
    </change>
    <change idref="t9" to="t-1" to-position="3" resolved="yes">
      <change idref="t9" attribute="title" type="string" to="交付"/>
    </change>
    <change idref="t1" attribute="isGroup" type="real" from="0" to="1" resolved="yes"/>
    <change idref="t1" attribute="isSplittableTask" type="real" from="1" resolved="yes"/>
    <change idref="t1" attribute="taskType" type="real" from="0" to="2" resolved="yes"/>
    <change idref="t1" attribute="title" type="string" from="Task 1" to="项目设计阶段" resolved="yes"/>
    <change idref="t1" attribute="resourceAssignmentType" type="real" from="0" resolved="yes"/>
    <change idref="t1" attribute="staticCost" type="real" from="0" resolved="yes"/>
    <change idref="t1" attribute="effort" type="real" from="28800" resolved="yes"/>
    <change idref="t1" attribute="isSplitChunk" type="real" from="0" resolved="yes"/>
    <change idref="t1" attribute="scheduleType" type="real" from="0" resolved="yes"/>
    <change idref="t1" attribute="internalAssignments" type="string" from="" resolved="yes"/>
    <change idref="t1" attribute="startConstraintDate" type="date" to="2013-12-10T00:00:00.000Z" resolved="yes"/>
    <change idref="t1" attribute="isSplitTask" type="real" from="0" resolved="yes"/>
    <change idref="t1" attribute="internalEffortDone" type="real" from="0" resolved="yes"/>
    <change idref="t2" to="t1" to-position="0" resolved="yes">
      <change idref="t2" attribute="effort" type="real" from="28800" to="88200"/>
      <change idref="t2" attribute="startConstraintDate" type="date" to="2013-12-10T00:00:00.000Z"/>
      <change idref="t2" attribute="title" type="string" to="编写各个模块流程文档，类结构(UML流程图)"/>
    </change>
    <change idref="t4" to="t1" to-position="1" resolved="yes">
      <change idref="t4" attribute="effort" type="real" from="28800" to="31500"/>
      <change idref="t4" attribute="startConstraintDate" type="date" to="2013-12-11T00:00:00.000Z"/>
      <change idref="t4" attribute="title" type="string" to="设计数据库结构，编写文档"/>
    </change>
    <change idref="t3" to="t1" to-position="2" resolved="yes">
      <change idref="t3" attribute="startConstraintDate" type="date" to="2013-12-12T00:00:00.000Z"/>
      <change idref="t3" attribute="title" type="string" to="编写JSON结构文档 （先前确认JSON格式可以让前后端同时开发）"/>
    </change>
    <change idref="t5" to="t1" to-position="3" resolved="yes">
      <change idref="t5" attribute="startConstraintDate" type="date" to="2013-12-12T00:00:00.000Z"/>
      <change idref="t5" attribute="title" type="string" to="编写单元测试计划"/>
    </change>
    <change idref="t6" to="t1" to-position="4" resolved="yes">
      <change idref="t6" attribute="startConstraintDate" type="date" to="2013-12-13T00:00:00.000Z"/>
      <change idref="t6" attribute="title" type="string" to="编写代码规范文档（划分目录结构，制定命名规则，制定代码注释规则）"/>
    </change>
  </task-change-set>
  <task-change-set user="Tony " date="2013-12-09T09:35:12.561Z" timestamp="2013-12-09T09:35:12.561Z">
    <change idref="t7" attribute="isGroup" type="real" from="0" to="1" resolved="yes"/>
    <change idref="t7" attribute="isSplittableTask" type="real" from="1" resolved="yes"/>
    <change idref="t7" attribute="taskType" type="real" from="0" to="2" resolved="yes"/>
    <change idref="t7" attribute="resourceAssignmentType" type="real" from="0" resolved="yes"/>
    <change idref="t7" attribute="staticCost" type="real" from="0" resolved="yes"/>
    <change idref="t7" attribute="effort" type="real" from="28800" resolved="yes"/>
    <change idref="t7" attribute="isSplitChunk" type="real" from="0" resolved="yes"/>
    <change idref="t7" attribute="scheduleType" type="real" from="0" resolved="yes"/>
    <change idref="t7" attribute="internalAssignments" type="string" from="" resolved="yes"/>
    <change idref="t7" attribute="isSplitTask" type="real" from="0" resolved="yes"/>
    <change idref="t7" attribute="internalEffortDone" type="real" from="0" resolved="yes"/>
    <change idref="t13" to="t7" to-position="0" resolved="yes">
      <change idref="t13" attribute="title" type="string" to="PHP ()"/>
    </change>
    <change idref="t12" to="t7" to-position="1" resolved="yes">
      <change idref="t12" attribute="title" type="string" to="Task 1"/>
    </change>
  </task-change-set>
  <task-change-set user="Tony " date="2013-12-09T09:35:58.699Z" timestamp="2013-12-09T09:35:58.699Z">
    <change idref="t12" attribute="title" type="string" from="Task 1" to="JS (文档制定后需细化)" resolved="yes"/>
    <change idref="t13" attribute="title" type="string" from="PHP ()" to="PHP (文档制定后需细化)" resolved="yes"/>
  </task-change-set>
  <task-change-set user="Tony " date="2013-12-11T05:18:59.446Z" timestamp="2013-12-11T05:18:59.446Z">
    <change idref="t25" to="t-1" to-position="2" resolved="yes">
      <change idref="t25" attribute="isGroup" type="real" from="0" to="1"/>
      <change idref="t25" attribute="startConstraintDate" type="date" to="2013-12-11T00:00:00.000Z"/>
      <change idref="t25" attribute="taskType" type="real" from="0" to="2"/>
      <change idref="t25" attribute="title" type="string" to="服务器配置"/>
    </change>
    <change idref="t1" attribute="startConstraintDate" type="date" from="2013-12-10T00:00:00.000Z" to="2013-12-11T00:00:00.000Z" resolved="yes"/>
    <change idref="t34" to="t1" to-position="5" resolved="yes">
      <change idref="t34" attribute="startConstraintDate" type="date" to="2013-12-11T00:00:00.000Z"/>
      <change idref="t34" attribute="title" type="string" to="后台界面Wireframe设计"/>
    </change>
    <change idref="t2" attribute="startConstraintDate" type="date" from="2013-12-10T00:00:00.000Z" to="2013-12-11T00:00:00.000Z" resolved="yes"/>
    <change idref="t2" attribute="title" type="string" from="编写各个模块流程文档，类结构(UML流程图)" to="编写各个模块流程文档，类结构(UML建模)" resolved="yes"/>
    <change idref="t3" attribute="startConstraintDate" type="date" from="2013-12-12T00:00:00.000Z" to="2013-12-13T00:00:00.000Z" resolved="yes"/>
    <change idref="t4" attribute="startConstraintDate" type="date" from="2013-12-11T00:00:00.000Z" to="2013-12-12T00:00:00.000Z" resolved="yes"/>
    <change idref="t5" attribute="startConstraintDate" type="date" from="2013-12-12T00:00:00.000Z" to="2013-12-13T00:00:00.000Z" resolved="yes"/>
    <change idref="t6" attribute="startConstraintDate" type="date" from="2013-12-13T00:00:00.000Z" to="2013-12-16T00:00:00.000Z" resolved="yes"/>
    <change idref="t7" attribute="startConstraintDate" type="date" to="2013-12-17T00:00:00.000Z" resolved="yes"/>
    <change idref="t19" to="t7" to-position="0" resolved="yes">
      <change idref="t19" attribute="startConstraintDate" type="date" to="2013-12-11T00:00:00.000Z"/>
      <change idref="t19" attribute="styleDict" type="dict" to="{
    &quot;gantt-fill-color&quot; =     {
        b = &quot;0.278431&quot;;
        g = &quot;0.721569&quot;;
        r = &quot;0.8&quot;;
    };
}"/>
      <change idref="t19" attribute="title" type="string" to="建立底层结构和文件夹"/>
    </change>
    <change idref="t18" to="t7" to-position="1" resolved="yes">
      <change idref="t18" attribute="startConstraintDate" type="date" to="2013-12-11T00:00:00.000Z"/>
      <change idref="t18" attribute="styleDict" type="dict" to="{
    &quot;gantt-fill-color&quot; =     {
        b = &quot;0.278431&quot;;
        g = &quot;0.721569&quot;;
        r = &quot;0.8&quot;;
    };
}"/>
      <change idref="t18" attribute="title" type="string" to="数据库建立"/>
    </change>
    <change idref="t22" to="t7" to-position="3" resolved="yes">
      <change idref="t22" attribute="effort" type="real" from="28800" to="204300"/>
      <change idref="t22" attribute="startConstraintDate" type="date" to="2013-12-20T08:45:00.000Z"/>
      <change idref="t22" attribute="styleDict" type="dict" to="{
    &quot;gantt-fill-color&quot; =     {
        b = &quot;0.803922&quot;;
        g = &quot;0.439216&quot;;
        r = &quot;0.8&quot;;
    };
}"/>
      <change idref="t22" attribute="title" type="string" to="Python 开发 POP3/IMAP Email获取"/>
    </change>
    <change idref="t17" to="t7" to-position="5" resolved="yes">
      <change idref="t17" attribute="isGroup" type="real" from="0" to="1"/>
      <change idref="t17" attribute="startConstraintDate" type="date" to="2013-12-11T00:00:00.000Z"/>
      <change idref="t17" attribute="taskType" type="real" from="0" to="2"/>
      <change idref="t17" attribute="title" type="string" to="HTML,CSS"/>
    </change>
    <change idref="t16" to="t7" to-position="6" resolved="yes">
      <change idref="t16" attribute="startConstraintDate" type="date" to="2013-12-11T00:00:00.000Z"/>
      <change idref="t16" attribute="title" type="string" to="前后端整合"/>
    </change>
    <change idref="t33" to="t7" to-position="7" resolved="yes">
      <change idref="t33" attribute="startConstraintDate" type="date" to="2013-12-11T00:00:00.000Z"/>
      <change idref="t33" attribute="title" type="string" to="浏览器优化"/>
    </change>
    <change idref="t12" attribute="isGroup" type="real" from="0" to="1" resolved="yes"/>
    <change idref="t12" attribute="isSplittableTask" type="real" from="1" resolved="yes"/>
    <change idref="t12" attribute="taskType" type="real" from="0" to="2" resolved="yes"/>
    <change idref="t12" attribute="resourceAssignmentType" type="real" from="0" resolved="yes"/>
    <change idref="t12" attribute="staticCost" type="real" from="0" resolved="yes"/>
    <change idref="t12" attribute="effort" type="real" from="28800" resolved="yes"/>
    <change idref="t12" attribute="isSplitChunk" type="real" from="0" resolved="yes"/>
    <change idref="t12" attribute="scheduleType" type="real" from="0" resolved="yes"/>
    <change idref="t12" attribute="internalAssignments" type="string" from="" resolved="yes"/>
    <change idref="t12" attribute="startConstraintDate" type="date" to="2013-12-18T00:00:00.000Z" resolved="yes"/>
    <change idref="t12" attribute="isSplitTask" type="real" from="0" resolved="yes"/>
    <change idref="t12" attribute="internalEffortDone" type="real" from="0" resolved="yes"/>
    <change idref="t32" to="t12" to-position="0" resolved="yes">
      <change idref="t32" attribute="effort" type="real" from="28800" to="203400"/>
      <change idref="t32" attribute="startConstraintDate" type="date" to="2013-12-18T00:00:00.000Z"/>
      <change idref="t32" attribute="styleDict" type="dict" to="{
    &quot;gantt-fill-color&quot; =     {
        b = &quot;0.490196&quot;;
        g = &quot;0.694118&quot;;
        r = &quot;0.380392&quot;;
    };
}"/>
      <change idref="t32" attribute="title" type="string" to="功能交互"/>
    </change>
    <change idref="t31" to="t12" to-position="1" resolved="yes">
      <change idref="t31" attribute="effort" type="real" from="28800" to="174600"/>
      <change idref="t31" attribute="startConstraintDate" type="date" to="2013-12-25T00:00:00.000Z"/>
      <change idref="t31" attribute="styleDict" type="dict" to="{
    &quot;gantt-fill-color&quot; =     {
        b = &quot;0.490196&quot;;
        g = &quot;0.694118&quot;;
        r = &quot;0.380392&quot;;
    };
}"/>
      <change idref="t31" attribute="title" type="string" to="动画效果"/>
    </change>
    <change idref="t30" to="t12" to-position="2" resolved="yes">
      <change idref="t30" attribute="effort" type="real" from="28800" to="117000"/>
      <change idref="t30" attribute="startConstraintDate" type="date" to="2013-12-30T08:30:00.000Z"/>
      <change idref="t30" attribute="styleDict" type="dict" to="{
    &quot;gantt-fill-color&quot; =     {
        b = &quot;0.490196&quot;;
        g = &quot;0.694118&quot;;
        r = &quot;0.380392&quot;;
    };
}"/>
      <change idref="t30" attribute="title" type="string" to="API接口整合"/>
    </change>
    <change idref="t36" to="t12" to-position="3" resolved="yes">
      <change idref="t36" attribute="startConstraintDate" type="date" to="2013-12-11T00:00:00.000Z"/>
      <change idref="t36" attribute="title" type="string" to="后台管理功能开发"/>
    </change>
    <change idref="t13" attribute="isGroup" type="real" from="0" to="1" resolved="yes"/>
    <change idref="t13" attribute="isSplittableTask" type="real" from="1" resolved="yes"/>
    <change idref="t13" attribute="taskType" type="real" from="0" to="2" resolved="yes"/>
    <change idref="t13" attribute="resourceAssignmentType" type="real" from="0" resolved="yes"/>
    <change idref="t13" attribute="staticCost" type="real" from="0" resolved="yes"/>
    <change idref="t13" attribute="effort" type="real" from="28800" resolved="yes"/>
    <change idref="t13" attribute="isSplitChunk" type="real" from="0" resolved="yes"/>
    <change idref="t13" attribute="scheduleType" type="real" from="0" resolved="yes"/>
    <change idref="t13" attribute="internalAssignments" type="string" from="" resolved="yes"/>
    <change idref="t13" attribute="startConstraintDate" type="date" to="2013-12-18T00:15:00.000Z" resolved="yes"/>
    <change idref="t13" attribute="isSplitTask" type="real" from="0" resolved="yes"/>
    <change idref="t13" attribute="internalEffortDone" type="real" from="0" resolved="yes"/>
    <change idref="t15" to="t13" to-position="0" resolved="yes">
      <change idref="t15" attribute="effort" type="real" from="28800" to="87300"/>
      <change idref="t15" attribute="internalPrerequisitesString" type="string" to="19FS"/>
      <change idref="t15" attribute="startConstraintDate" type="date" to="2013-12-11T00:00:00.000Z"/>
      <change idref="t15" attribute="styleDict" type="dict" to="{
    &quot;gantt-fill-color&quot; =     {
        b = &quot;0.301961&quot;;
        g = &quot;0.301961&quot;;
        r = &quot;0.847059&quot;;
    };
}"/>
      <change idref="t15" attribute="title" type="string" to="单元测试代码编写"/>
    </change>
    <change idref="t14" to="t13" to-position="1" resolved="yes">
      <change idref="t14" attribute="effort" type="real" from="28800" to="290700"/>
      <change idref="t14" attribute="startConstraintDate" type="date" to="2013-12-20T08:45:00.000Z"/>
      <change idref="t14" attribute="styleDict" type="dict" to="{
    &quot;gantt-fill-color&quot; =     {
        b = &quot;0.301961&quot;;
        g = &quot;0.301961&quot;;
        r = &quot;0.847059&quot;;
    };
}"/>
      <change idref="t14" attribute="title" type="string" to="模块代码开发"/>
    </change>
    <change idref="t35" to="t13" to-position="2" resolved="yes">
      <change idref="t35" attribute="startConstraintDate" type="date" to="2013-12-11T00:00:00.000Z"/>
      <change idref="t35" attribute="title" type="string" to="后台管理开发"/>
    </change>
    <change idref="t38" to="t17" to-position="0" resolved="yes">
      <change idref="t38" attribute="startConstraintDate" type="date" to="2013-12-11T00:00:00.000Z"/>
      <change idref="t38" attribute="title" type="string" to="前端界面"/>
    </change>
    <change idref="t39" to="t17" to-position="1" resolved="yes">
      <change idref="t39" attribute="startConstraintDate" type="date" to="2013-12-11T00:00:00.000Z"/>
      <change idref="t39" attribute="title" type="string" to="后端界面"/>
    </change>
    <change idref="t28" to="t25" to-position="0" resolved="yes">
      <change idref="t28" attribute="startConstraintDate" type="date" to="2013-12-11T00:00:00.000Z"/>
      <change idref="t28" attribute="title" type="string" to="页面静态化(Varnish)"/>
    </change>
    <change idref="t27" to="t25" to-position="1" resolved="yes">
      <change idref="t27" attribute="startConstraintDate" type="date" to="2013-12-11T00:00:00.000Z"/>
      <change idref="t27" attribute="title" type="string" to="服务器集群配置"/>
    </change>
    <change idref="t26" to="t25" to-position="2" resolved="yes">
      <change idref="t26" attribute="startConstraintDate" type="date" to="2013-12-11T00:00:00.000Z"/>
      <change idref="t26" attribute="title" type="string" to="Memcache缓存"/>
    </change>
    <change idref="t24" to="t25" to-position="3" resolved="yes">
      <change idref="t24" attribute="startConstraintDate" type="date" to="2013-12-11T00:00:00.000Z"/>
      <change idref="t24" attribute="title" type="string" to="SSL配置"/>
    </change>
  </task-change-set>
  <task-change-set user="Tony " date="2013-12-11T05:20:52.161Z" timestamp="2013-12-11T05:20:52.161Z">
    <change idref="t7" attribute="styleDict" type="dict" to="{
    &quot;gantt-fill-color&quot; =     {
        b = &quot;0.278431&quot;;
        g = &quot;0.721569&quot;;
        r = &quot;0.8&quot;;
    };
}" resolved="yes"/>
    <change idref="t12" attribute="styleDict" type="dict" to="{
    &quot;gantt-fill-color&quot; =     {
        b = &quot;0.490196&quot;;
        g = &quot;0.694118&quot;;
        r = &quot;0.380392&quot;;
    };
}" resolved="yes"/>
    <change idref="t13" attribute="styleDict" type="dict" to="{
    &quot;gantt-fill-color&quot; =     {
        b = &quot;0.301961&quot;;
        g = &quot;0.301961&quot;;
        r = &quot;0.847059&quot;;
    };
}" resolved="yes"/>
    <change idref="t17" attribute="styleDict" type="dict" to="{
    &quot;gantt-fill-color&quot; =     {
        b = &quot;0.110085&quot;;
        g = &quot;0.394159&quot;;
        r = &quot;0.902726&quot;;
    };
}" resolved="yes"/>
    <change idref="t35" attribute="startConstraintDate" type="date" from="2013-12-11T00:00:00.000Z" to="2014-01-06T00:00:00.000Z" resolved="yes"/>
    <change idref="t35" attribute="effort" type="real" from="28800" to="145800" resolved="yes"/>
    <change idref="t35" attribute="styleDict" type="dict" to="{
    &quot;gantt-fill-color&quot; =     {
        b = &quot;0.301961&quot;;
        g = &quot;0.301961&quot;;
        r = &quot;0.847059&quot;;
    };
}" resolved="yes"/>
    <change idref="t36" attribute="startConstraintDate" type="date" from="2013-12-11T00:00:00.000Z" to="2014-01-06T00:30:00.000Z" resolved="yes"/>
    <change idref="t36" attribute="effort" type="real" from="28800" to="144000" resolved="yes"/>
    <change idref="t36" attribute="styleDict" type="dict" to="{
    &quot;gantt-fill-color&quot; =     {
        b = &quot;0.490196&quot;;
        g = &quot;0.694118&quot;;
        r = &quot;0.380392&quot;;
    };
}" resolved="yes"/>
    <change idref="t38" attribute="effort" type="real" from="28800" to="203400" resolved="yes"/>
    <change idref="t38" attribute="styleDict" type="dict" to="{
    &quot;gantt-fill-color&quot; =     {
        b = &quot;0.109752&quot;;
        g = &quot;0.392969&quot;;
        r = &quot;0.9&quot;;
    };
}" resolved="yes"/>
    <change idref="t39" attribute="startConstraintDate" type="date" from="2013-12-11T00:00:00.000Z" to="2013-12-26T00:00:00.000Z" resolved="yes"/>
    <change idref="t39" attribute="effort" type="real" from="28800" to="88200" resolved="yes"/>
    <change idref="t39" attribute="styleDict" type="dict" to="{
    &quot;gantt-fill-color&quot; =     {
        b = &quot;0.109752&quot;;
        g = &quot;0.392969&quot;;
        r = &quot;0.9&quot;;
    };
}" resolved="yes"/>
  </task-change-set>
  <task-change-set user="Tony " date="2013-12-11T05:25:16.301Z" timestamp="2013-12-11T05:25:16.301Z">
    <change idref="t16" attribute="startConstraintDate" type="date" from="2013-12-11T00:00:00.000Z" to="2014-01-13T00:00:00.000Z" resolved="yes"/>
    <change idref="t16" attribute="title" type="string" from="前后端整合" to="整站整合" resolved="yes"/>
    <change idref="t16" attribute="effort" type="real" from="28800" to="145800" resolved="yes"/>
    <change idref="t16" attribute="styleDict" type="dict" to="{
    &quot;gantt-fill-color&quot; =     {
        b = &quot;0.74902&quot;;
        g = &quot;0.376471&quot;;
        r = &quot;0.564706&quot;;
    };
}" resolved="yes"/>
    <change idref="t24" attribute="startConstraintDate" type="date" from="2013-12-11T00:00:00.000Z" to="2014-01-24T00:15:00.000Z" resolved="yes"/>
    <change idref="t24" attribute="effort" type="real" from="28800" to="81900" resolved="yes"/>
    <change idref="t24" attribute="styleDict" type="dict" to="{
    &quot;gantt-fill-color&quot; =     {
        b = &quot;0.301961&quot;;
        g = &quot;0.301961&quot;;
        r = &quot;0.847059&quot;;
    };
}" resolved="yes"/>
    <change idref="t25" attribute="startConstraintDate" type="date" from="2013-12-11T00:00:00.000Z" to="2014-01-13T00:00:00.000Z" resolved="yes"/>
    <change idref="t25" attribute="styleDict" type="dict" to="{
    &quot;gantt-fill-color&quot; =     {
        b = &quot;0.301961&quot;;
        g = &quot;0.301961&quot;;
        r = &quot;0.847059&quot;;
    };
}" resolved="yes"/>
    <change idref="t26" from="t25" from-position="2" to="t25" to-position="1" resolved="yes"/>
    <change idref="t26" attribute="startConstraintDate" type="date" from="2013-12-11T00:00:00.000Z" to="2014-01-15T08:45:00.000Z" resolved="yes"/>
    <change idref="t26" attribute="effort" type="real" from="28800" to="89100" resolved="yes"/>
    <change idref="t26" attribute="styleDict" type="dict" to="{
    &quot;gantt-fill-color&quot; =     {
        b = &quot;0.301961&quot;;
        g = &quot;0.301961&quot;;
        r = &quot;0.847059&quot;;
    };
}" resolved="yes"/>
    <change idref="t27" attribute="startConstraintDate" type="date" from="2013-12-11T00:00:00.000Z" to="2014-01-20T08:45:00.000Z" resolved="yes"/>
    <change idref="t27" attribute="effort" type="real" from="28800" to="89100" resolved="yes"/>
    <change idref="t27" attribute="styleDict" type="dict" to="{
    &quot;gantt-fill-color&quot; =     {
        b = &quot;0.301961&quot;;
        g = &quot;0.301961&quot;;
        r = &quot;0.847059&quot;;
    };
}" resolved="yes"/>
    <change idref="t28" attribute="effort" type="real" from="28800" to="86400" resolved="yes"/>
    <change idref="t28" attribute="internalPrerequisitesString" type="string" to="13FS" resolved="yes"/>
    <change idref="t28" attribute="styleDict" type="dict" to="{
    &quot;gantt-fill-color&quot; =     {
        b = &quot;0.301961&quot;;
        g = &quot;0.301961&quot;;
        r = &quot;0.847059&quot;;
    };
}" resolved="yes"/>
    <change idref="t33" attribute="startConstraintDate" type="date" from="2013-12-11T00:00:00.000Z" to="2014-01-17T08:45:00.000Z" resolved="yes"/>
    <change idref="t33" attribute="effort" type="real" from="28800" to="117000" resolved="yes"/>
    <change idref="t33" attribute="styleDict" type="dict" to="{
    &quot;font-fill&quot; =     {
        b = 0;
        g = 0;
        r = 0;
    };
    &quot;gantt-fill-color&quot; =     {
        b = &quot;0.278431&quot;;
        g = &quot;0.721569&quot;;
        r = &quot;0.8&quot;;
    };
}" resolved="yes"/>
  </task-change-set>
  <task-change-set user="Tony " date="2013-12-11T05:26:24.262Z" timestamp="2013-12-11T05:26:24.262Z">
    <change idref="t8" attribute="effort" type="real" from="28800" to="1584000" resolved="yes"/>
    <change idref="t8" attribute="startConstraintDate" type="date" to="2013-12-17T00:00:00.000Z" resolved="yes"/>
    <change idref="t9" attribute="startConstraintDate" type="date" to="2014-03-04T00:30:00.000Z" resolved="yes"/>
  </task-change-set>
  <task-change-set user="Tony " date="2013-12-11T05:27:14.946Z" timestamp="2013-12-11T05:27:14.946Z">
    <change idref="t14" attribute="title" type="string" from="模块代码开发" to="模块代码开发(文档制定后需细化)" resolved="yes"/>
    <change idref="t31" attribute="title" type="string" from="动画效果" to="动画效果(文档制定后需细化)" resolved="yes"/>
    <change idref="t32" attribute="title" type="string" from="功能交互" to="功能交互(文档制定后需细化)" resolved="yes"/>
  </task-change-set>
  <task-change-set user="Tony " date="2013-12-11T05:27:22.454Z" timestamp="2013-12-11T05:27:22.454Z">
    <change idref="t15" attribute="title" type="string" from="单元测试代码编写" to="单元测试代码编写(文档制定后需细化)" resolved="yes"/>
    <change idref="t30" attribute="title" type="string" from="API接口整合" to="API接口整合(文档制定后需细化)" resolved="yes"/>
    <change idref="t35" attribute="title" type="string" from="后台管理开发" to="后台管理开发(文档制定后需细化)" resolved="yes"/>
    <change idref="t36" attribute="title" type="string" from="后台管理功能开发" to="后台管理功能开发(文档制定后需细化)" resolved="yes"/>
  </task-change-set>
  <task-change-set user="Tony " date="2013-12-11T05:41:50.888Z" timestamp="2013-12-11T05:41:50.888Z">
    <change idref="t34" attribute="startConstraintDate" type="date" from="2013-12-11T00:00:00.000Z" to="2013-12-17T00:00:00.000Z" resolved="yes"/>
    <change idref="t34" attribute="effort" type="real" from="28800" to="60300" resolved="yes"/>
  </task-change-set>
  <task-change-set user="Tony " date="2013-12-13T04:55:29.936Z" timestamp="2013-12-13T04:55:29.936Z">
    <change idref="t1" attribute="startConstraintDate" type="date" from="2013-12-11T00:00:00.000Z" to="2013-12-16T00:15:00.000Z" resolved="yes"/>
    <change idref="t2" attribute="startConstraintDate" type="date" from="2013-12-11T00:00:00.000Z" to="2013-12-16T00:15:00.000Z" resolved="yes"/>
    <change idref="t3" attribute="startConstraintDate" type="date" from="2013-12-13T00:00:00.000Z" to="2013-12-18T00:15:00.000Z" resolved="yes"/>
    <change idref="t4" attribute="startConstraintDate" type="date" from="2013-12-12T00:00:00.000Z" to="2013-12-17T00:15:00.000Z" resolved="yes"/>
    <change idref="t5" attribute="startConstraintDate" type="date" from="2013-12-13T00:00:00.000Z" to="2013-12-18T00:15:00.000Z" resolved="yes"/>
    <change idref="t6" attribute="startConstraintDate" type="date" from="2013-12-16T00:00:00.000Z" to="2013-12-19T00:15:00.000Z" resolved="yes"/>
    <change idref="t7" attribute="startConstraintDate" type="date" from="2013-12-17T00:00:00.000Z" to="2013-12-20T00:15:00.000Z" resolved="yes"/>
    <change idref="t12" attribute="startConstraintDate" type="date" from="2013-12-18T00:00:00.000Z" to="2013-12-23T00:15:00.000Z" resolved="yes"/>
    <change idref="t13" attribute="startConstraintDate" type="date" from="2013-12-18T00:15:00.000Z" to="2013-12-23T00:30:00.000Z" resolved="yes"/>
    <change idref="t14" attribute="startConstraintDate" type="date" from="2013-12-20T08:45:00.000Z" to="2013-12-26T00:00:00.000Z" resolved="yes"/>
    <change idref="t15" attribute="startConstraintDate" type="date" from="2013-12-11T00:00:00.000Z" to="2013-12-23T00:30:00.000Z" resolved="yes"/>
    <change idref="t16" attribute="startConstraintDate" type="date" from="2014-01-13T00:00:00.000Z" to="2014-01-16T00:15:00.000Z" resolved="yes"/>
    <change idref="t17" attribute="startConstraintDate" type="date" from="2013-12-11T00:00:00.000Z" to="2013-12-20T00:15:00.000Z" resolved="yes"/>
    <change idref="t18" attribute="startConstraintDate" type="date" from="2013-12-11T00:00:00.000Z" to="2013-12-20T00:15:00.000Z" resolved="yes"/>
    <change idref="t19" attribute="startConstraintDate" type="date" from="2013-12-11T00:00:00.000Z" to="2013-12-20T00:15:00.000Z" resolved="yes"/>
    <change idref="t22" attribute="startConstraintDate" type="date" from="2013-12-20T08:45:00.000Z" to="2013-12-26T00:00:00.000Z" resolved="yes"/>
    <change idref="t24" attribute="startConstraintDate" type="date" from="2014-01-24T00:15:00.000Z" to="2014-01-29T00:30:00.000Z" resolved="yes"/>
    <change idref="t25" attribute="startConstraintDate" type="date" from="2014-01-13T00:00:00.000Z" to="2014-01-16T00:45:00.000Z" resolved="yes"/>
    <change idref="t26" attribute="startConstraintDate" type="date" from="2014-01-15T08:45:00.000Z" to="2014-01-21T00:00:00.000Z" resolved="yes"/>
    <change idref="t27" attribute="startConstraintDate" type="date" from="2014-01-20T08:45:00.000Z" to="2014-01-24T00:00:00.000Z" resolved="yes"/>
    <change idref="t28" attribute="startConstraintDate" type="date" from="2013-12-11T00:00:00.000Z" to="2014-01-16T00:45:00.000Z" resolved="yes"/>
    <change idref="t30" attribute="startConstraintDate" type="date" from="2013-12-30T08:30:00.000Z" to="2014-01-02T08:45:00.000Z" resolved="yes"/>
    <change idref="t31" attribute="startConstraintDate" type="date" from="2013-12-25T00:00:00.000Z" to="2013-12-30T00:15:00.000Z" resolved="yes"/>
    <change idref="t32" attribute="startConstraintDate" type="date" from="2013-12-18T00:00:00.000Z" to="2013-12-23T00:15:00.000Z" resolved="yes"/>
    <change idref="t33" attribute="startConstraintDate" type="date" from="2014-01-17T08:45:00.000Z" to="2014-01-23T00:00:00.000Z" resolved="yes"/>
    <change idref="t34" attribute="startConstraintDate" type="date" from="2013-12-17T00:00:00.000Z" to="2013-12-20T00:15:00.000Z" resolved="yes"/>
    <change idref="t35" attribute="startConstraintDate" type="date" from="2014-01-06T00:00:00.000Z" to="2014-01-09T00:15:00.000Z" resolved="yes"/>
    <change idref="t36" attribute="startConstraintDate" type="date" from="2014-01-06T00:30:00.000Z" to="2014-01-09T00:45:00.000Z" resolved="yes"/>
    <change idref="t38" attribute="startConstraintDate" type="date" from="2013-12-11T00:00:00.000Z" to="2013-12-20T00:15:00.000Z" resolved="yes"/>
    <change idref="t39" attribute="startConstraintDate" type="date" from="2013-12-26T00:00:00.000Z" to="2013-12-31T00:15:00.000Z" resolved="yes"/>
  </task-change-set>
  <task-change-set user="Tony " date="2013-12-13T04:56:19.971Z" timestamp="2013-12-13T04:56:19.971Z">
    <change idref="t12" attribute="title" type="string" from="JS (文档制定后需细化)" to="JS (需求确认后需细化)" resolved="yes"/>
    <change idref="t13" attribute="title" type="string" from="PHP (文档制定后需细化)" to="PHP (需求确认后需细化)" resolved="yes"/>
    <change idref="t14" attribute="title" type="string" from="模块代码开发(文档制定后需细化)" to="模块代码开发(需求确认后需细化)" resolved="yes"/>
    <change idref="t15" attribute="title" type="string" from="单元测试代码编写(文档制定后需细化)" to="单元测试代码编写(需求确认后需细化)" resolved="yes"/>
    <change idref="t30" attribute="title" type="string" from="API接口整合(文档制定后需细化)" to="API接口整合(需求确认后需细化)" resolved="yes"/>
    <change idref="t31" attribute="title" type="string" from="动画效果(文档制定后需细化)" to="动画效果(需求确认后需细化)" resolved="yes"/>
    <change idref="t32" attribute="title" type="string" from="功能交互(文档制定后需细化)" to="功能交互(需求确认后需细化)" resolved="yes"/>
    <change idref="t35" attribute="title" type="string" from="后台管理开发(文档制定后需细化)" to="后台管理开发(需求确认后需细化)" resolved="yes"/>
    <change idref="t36" attribute="title" type="string" from="后台管理功能开发(文档制定后需细化)" to="后台管理功能开发(需求确认后需细化)" resolved="yes"/>
  </task-change-set>
  <task-change-set user="Tony " date="2013-12-13T08:51:46.326Z" timestamp="2013-12-13T08:51:46.326Z">
    <change idref="t1" attribute="title" type="string" from="项目设计阶段" to="Planning"/>
    <change idref="t2" attribute="title" type="string" from="编写各个模块流程文档，类结构(UML建模)" to="Create module logic process document (UML Model, Class Model)"/>
    <change idref="t3" attribute="title" type="string" from="编写JSON结构文档 （先前确认JSON格式可以让前后端同时开发）" to="Create JSON data standard document"/>
    <change idref="t4" attribute="title" type="string" from="设计数据库结构，编写文档" to="Design database structure"/>
    <change idref="t5" attribute="title" type="string" from="编写单元测试计划" to="Create Unit Test planning document"/>
    <change idref="t6" attribute="title" type="string" from="编写代码规范文档（划分目录结构，制定命名规则，制定代码注释规则）" to="Create code standard document"/>
    <change idref="t7" attribute="title" type="string" from="编码阶段" to="Coding"/>
    <change idref="t12" attribute="title" type="string" from="JS (需求确认后需细化)" to="Javascript (Need more detail after get requirement)"/>
    <change idref="t13" attribute="title" type="string" from="PHP (需求确认后需细化)" to="PHP (Need more detail after get requirement)"/>
    <change idref="t14" attribute="title" type="string" from="模块代码开发(需求确认后需细化)" to="Develop modules"/>
    <change idref="t15" attribute="title" type="string" from="单元测试代码编写(需求确认后需细化)" to="Create Unit Test"/>
    <change idref="t18" attribute="title" type="string" from="数据库建立" to="Create database"/>
    <change idref="t19" attribute="title" type="string" from="建立底层结构和文件夹" to="Create basic structure, create folder"/>
    <change idref="t22" attribute="title" type="string" from="Python 开发 POP3/IMAP Email获取" to="Develop Email parse tool (Python)"/>
    <change idref="t25" attribute="title" type="string" from="服务器配置" to="Server Configration"/>
    <change idref="t34" attribute="title" type="string" from="后台界面Wireframe设计" to="Design backend office Wireframe layout"/>
    <change idref="t35" attribute="title" type="string" from="后台管理开发(需求确认后需细化)" to="Develop backend office"/>
  </task-change-set>
  <task-change-set user="Tony " date="2013-12-13T08:53:23.350Z" timestamp="2013-12-13T08:53:23.350Z">
    <change idref="t33" attribute="title" type="string" from="浏览器优化" to="Optimization" resolved="yes"/>
  </task-change-set>
  <task-change-set user="Tony " date="2013-12-13T08:53:57.698Z" timestamp="2013-12-13T08:53:57.698Z">
    <change idref="t16" attribute="title" type="string" from="整站整合" to="Full site intergration" resolved="yes"/>
    <change idref="t26" attribute="title" type="string" from="Memcache缓存" to="Memcache Cache" resolved="yes"/>
    <change idref="t28" attribute="title" type="string" from="页面静态化(Varnish)" to="Static page (Varnish)" resolved="yes"/>
    <change idref="t38" attribute="title" type="string" from="前端界面" to="Frontend" resolved="yes"/>
    <change idref="t39" attribute="title" type="string" from="后端界面" to="Backend office" resolved="yes"/>
  </task-change-set>
  <task-change-set user="Tony " date="2013-12-13T08:54:39.452Z" timestamp="2013-12-13T08:54:39.452Z">
    <change idref="t9" from="t-1" from-position="4" resolved="yes">
      <change idref="t9" attribute="startConstraintDate" type="date" to="2014-03-04T00:30:00.000Z"/>
      <change idref="t9" attribute="title" type="string" to="交付"/>
    </change>
    <change idref="t8" attribute="title" type="string" from="测试" to="Testing" resolved="yes"/>
    <change idref="t24" attribute="title" type="string" from="SSL配置" to="SSL Configration" resolved="yes"/>
    <change idref="t27" attribute="title" type="string" from="服务器集群配置" to="Server Cluster" resolved="yes"/>
    <change idref="t28" attribute="title" type="string" from="Static page (Varnish)" to="Varnish Static Cache" resolved="yes"/>
  </task-change-set>
  <task-change-set user="Tony " date="2013-12-13T08:55:22.546Z" timestamp="2013-12-13T08:55:22.546Z">
    <change idref="t30" attribute="title" type="string" from="API接口整合(需求确认后需细化)" to="API intergration" resolved="yes"/>
    <change idref="t31" attribute="title" type="string" from="动画效果(需求确认后需细化)" to="Animations" resolved="yes"/>
    <change idref="t32" attribute="title" type="string" from="功能交互(需求确认后需细化)" to="Interactive functions" resolved="yes"/>
    <change idref="t36" attribute="title" type="string" from="后台管理功能开发(需求确认后需细化)" to="Backend functions" resolved="yes"/>
  </task-change-set>
  <metadata-change-set user="Tony " date="2013-12-09T09:31:58.139Z" timestamp="2013-12-09T09:31:58.139Z">
    <change idref="m1" attribute="fixedDate" type="date" from="2007-01-01T20:00:00.000Z" to="2013-12-09T00:00:00.000Z" resolved="yes"/>
  </metadata-change-set>
</changelog>
