<?xml version="1.0" encoding="utf-8" standalone="no"?>
<omniplan xmlns="http://www.omnigroup.com/namespace/OmniPlan/v2">
  <window x="41" y="260" w="2178" h="1018">
    <editing-scenario>dpzL3Isr3RP</editing-scenario>
    <view>task</view>
    <change-tracking/>
    <draw-folded/>
    <status-display>basic</status-display>
    <task-view>
      <split-view-divider-position>472</split-view-divider-position>
      <outline x="0" y="0" w="472" h="914">
        <column name="Violations" width="20"/>
        <column name="Notes" width="20"/>
        <column name="Title" width="357"/>
        <column name="Effort" width="70"/>
        <expanded-items idrefs="t12 t1 t25 t17 t7 t13"/>
        <selected-items-at-filter-time idrefs="t8 t38 t9 t13 t34 t26 t18 t2 t39 t30 t22 t14 t3 t35 t27 t19 t4 t31 t15 t5 t36 t28 t6 t24 t16 t32 t7 t12 t33 t25 t17"/>
      </outline>
      <gantt-view x="0" y="0" w="1705" h="914">
        <view-mode>actual</view-mode>
        <dependency-lines/>
        <constraints/>
        <task-bar-label task-type="group" position="left">
          <key/>
        </task-bar-label>
        <task-bar-label task-type="group" position="center">
          <key/>
        </task-bar-label>
        <task-bar-label task-type="group" position="right">
          <key>Assigned</key>
        </task-bar-label>
        <task-bar-label task-type="milestone" position="left">
          <key/>
        </task-bar-label>
        <task-bar-label task-type="milestone" position="center">
          <key/>
        </task-bar-label>
        <task-bar-label task-type="milestone" position="right">
          <key>Assigned</key>
        </task-bar-label>
        <task-bar-label task-type="task" position="left">
          <key/>
        </task-bar-label>
        <task-bar-label task-type="task" position="center">
          <key/>
        </task-bar-label>
        <task-bar-label task-type="task" position="right">
          <key>Assigned</key>
        </task-bar-label>
        <scale scale-name="Automatic" full-day-width="312.693">
          <selected/>
        </scale>
        <scale scale-name="Day" full-day-width="1215"/>
        <scale scale-name="Hour" full-day-width="65880"/>
        <scale scale-name="Minute" full-day-width="64800"/>
        <scale scale-name="Month" full-day-width="34.5"/>
        <scale scale-name="Quarter" full-day-width="9.6"/>
        <scale scale-name="Week" full-day-width="162"/>
        <scale scale-name="Year" full-day-width="2.3625"/>
      </gantt-view>
    </task-view>
    <resource-view>
      <split-view-divider-position>306</split-view-divider-position>
      <outline x="0" y="0" w="306" h="914">
        <column name="IM" width="20"/>
        <column name="Notes" width="20"/>
        <column name="Type" width="49"/>
        <column name="Resource" width="121"/>
        <column name="#" width="75"/>
      </outline>
      <timeline x="-375" y="0" w="1843" h="914">
        <task-bar-label task-type="group" position="left">
          <key>Title</key>
        </task-bar-label>
        <task-bar-label task-type="group" position="center">
          <key/>
        </task-bar-label>
        <task-bar-label task-type="group" position="right">
          <key/>
        </task-bar-label>
        <task-bar-label task-type="milestone" position="left">
          <key>Title</key>
        </task-bar-label>
        <task-bar-label task-type="milestone" position="center">
          <key/>
        </task-bar-label>
        <task-bar-label task-type="milestone" position="right">
          <key>Assigned</key>
        </task-bar-label>
        <task-bar-label task-type="task" position="left">
          <key>Title</key>
        </task-bar-label>
        <task-bar-label task-type="task" position="center">
          <key/>
        </task-bar-label>
        <task-bar-label task-type="task" position="right">
          <key/>
        </task-bar-label>
        <scale scale-name="Automatic" full-day-width="300">
          <selected/>
        </scale>
        <scale scale-name="Day" full-day-width="1215"/>
        <scale scale-name="Hour" full-day-width="65880"/>
        <scale scale-name="Minute" full-day-width="64800"/>
        <scale scale-name="Month" full-day-width="34.5"/>
        <scale scale-name="Quarter" full-day-width="9.6"/>
        <scale scale-name="Week" full-day-width="162"/>
        <scale scale-name="Year" full-day-width="2.3625"/>
      </timeline>
    </resource-view>
    <calendar>
      <split-view-divider-position>290</split-view-divider-position>
      <outline x="0" y="0" w="290" h="883">
        <column name="IM" width="20"/>
        <column name="Notes" width="20"/>
        <column name="Type" width="49"/>
        <column name="Resource" width="139"/>
        <column name="Custom Work Week" width="20"/>
        <column name="Schedule Exception" width="20"/>
      </outline>
    </calendar>
  </window>
  <project>
    <next-task-id>41</next-task-id>
    <next-resource-id>2</next-resource-id>
    <scenario id="dpzL3Isr3RP" name="Actual" filename="Actual.xml"/>
    <date-display dates="true" times="true" seconds="false"/>
    <numbering-style>wbs</numbering-style>
    <auto-level/>
    <critical-path-slack>0</critical-path-slack>
    <currency-format>￥1,234.56</currency-format>
    <duration-format hours-per-day="8" hours-per-week="40" hours-per-month="160" hours-per-year="1920" hours="true" days="true" weeks="true"/>
    <effort-format hours-per-day="8" hours-per-week="40" hours-per-month="160" hours-per-year="1920" hours="true" days="true" weeks="true"/>
    <base-style>
      <style/>
    </base-style>
    <column-title-style>
      <style>
        <value key="font-weight">9</value>
        <value key="paragraph-alignment">center</value>
      </style>
    </column-title-style>
    <note-style>
      <style>
        <value key="font-family">Helvetica</value>
        <value key="font-fill">
          <color w="0.334677"/>
        </value>
        <value key="font-size">11</value>
      </style>
    </note-style>
    <standard-task-style>
      <style/>
    </standard-task-style>
    <overdue-task-style>
      <style/>
    </overdue-task-style>
    <completed-task-style>
      <style/>
    </completed-task-style>
    <group-task-style>
      <style>
        <value key="font-weight">9</value>
      </style>
    </group-task-style>
    <milestone-task-style>
      <style/>
    </milestone-task-style>
    <resource-style>
      <style/>
    </resource-style>
    <not-editable-style>
      <style>
        <value key="font-fill">
          <color w="0.334677"/>
        </value>
      </style>
    </not-editable-style>
    <subscribe-refresh>0</subscribe-refresh>
    <leveling/>
    <page-adornment>
      <master-page-headers>
        <header location="left">
          <text>
            <p>
              <run>
                <lit><cell variable="OPDocumentTitleVariableIdentifier"/></lit>
              </run>
            </p>
          </text>
        </header>
        <header location="right">
          <text>
            <p>
              <run>
                <lit><cell variable="OPPrintJobTimestampVariableIdentifier"/></lit>
              </run>
            </p>
          </text>
        </header>
        <footer location="left">
          <text>
            <p>
              <run>
                <lit><cell variable="OPDocumentFilenameVariableIdentifier"/></lit>
              </run>
            </p>
          </text>
        </footer>
        <footer location="right">
          <text>
            <p>
              <run>
                <lit><cell variable="OPPageNumberVariableIdentifier"/></lit>
              </run>
            </p>
          </text>
        </footer>
      </master-page-headers>
    </page-adornment>
  </project>
</omniplan>
