<?xml version="1.0" encoding="utf-8" standalone="no"?>
<scenario xmlns="http://www.omnigroup.com/namespace/OmniPlan/v2" id="dpzL3Isr3RP">
  <start-date>2013-12-09T00:00:00.000Z</start-date>
  <prototype-task>
    <task id="t-2">
      <title>Task 1</title>
      <effort>28800</effort>
    </task>
  </prototype-task>
  <prototype-task>
    <task id="t-3">
      <title>Milestone 1</title>
      <type>milestone</type>
    </task>
  </prototype-task>
  <prototype-task>
    <task id="t-4">
      <title>Group 1</title>
      <type>group</type>
    </task>
  </prototype-task>
  <prototype-resource>
    <resource id="r-2">
      <name>Resource 1</name>
      <type>Staff</type>
    </resource>
  </prototype-resource>
  <prototype-resource>
    <resource id="r-3">
      <name>Equipment 1</name>
      <type>Equipment</type>
    </resource>
  </prototype-resource>
  <prototype-resource>
    <resource id="r-4">
      <name>Material 1</name>
      <type>Material</type>
      <units-available>0</units-available>
      <efficiency>0</efficiency>
    </resource>
  </prototype-resource>
  <prototype-resource>
    <resource id="r-5">
      <name>Group 1</name>
      <type>Group</type>
    </resource>
  </prototype-resource>
  <top-resource idref="r-1"/>
  <resource id="r-1">
    <type>Group</type>
    <child-resource idref="r1"/>
  </resource>
  <resource id="r1">
    <name>Resource 1</name>
    <type>Staff</type>
  </resource>
  <top-task idref="t-1"/>
  <task id="t-1">
    <type>group</type>
    <child-task idref="t1"/>
    <child-task idref="t7"/>
    <child-task idref="t25"/>
    <child-task idref="t8"/>
  </task>
  <task id="t1">
    <title>Planning</title>
    <type>group</type>
    <start-constraint-date>2013-12-16T00:15:00.000Z</start-constraint-date>
    <child-task idref="t2"/>
    <child-task idref="t4"/>
    <child-task idref="t3"/>
    <child-task idref="t5"/>
    <child-task idref="t6"/>
    <child-task idref="t34"/>
  </task>
  <task id="t2">
    <title>Create module logic process document (UML Model, Class Model)</title>
    <effort>88200</effort>
    <start-constraint-date>2013-12-16T00:15:00.000Z</start-constraint-date>
  </task>
  <task id="t3">
    <title>Create JSON data standard document</title>
    <effort>28800</effort>
    <start-constraint-date>2013-12-18T00:15:00.000Z</start-constraint-date>
  </task>
  <task id="t4">
    <title>Design database structure</title>
    <effort>31500</effort>
    <start-constraint-date>2013-12-17T00:15:00.000Z</start-constraint-date>
  </task>
  <task id="t5">
    <title>Create Unit Test planning document</title>
    <effort>28800</effort>
    <start-constraint-date>2013-12-18T00:15:00.000Z</start-constraint-date>
  </task>
  <task id="t6">
    <title>Create code standard document</title>
    <effort>28800</effort>
    <start-constraint-date>2013-12-19T00:15:00.000Z</start-constraint-date>
  </task>
  <task id="t7">
    <title>Coding</title>
    <type>group</type>
    <start-constraint-date>2013-12-20T00:15:00.000Z</start-constraint-date>
    <child-task idref="t19"/>
    <child-task idref="t18"/>
    <child-task idref="t13"/>
    <child-task idref="t22"/>
    <child-task idref="t12"/>
    <child-task idref="t17"/>
    <child-task idref="t16"/>
    <child-task idref="t33"/>
    <style>
      <value key="gantt-fill-color">
        <color r="0.8" g="0.721569" b="0.278431"/>
      </value>
    </style>
  </task>
  <task id="t8">
    <title>Testing</title>
    <effort>1584000</effort>
    <start-constraint-date>2013-12-17T00:00:00.000Z</start-constraint-date>
  </task>
  <task id="t12">
    <title>Javascript (Need more detail after get requirement)</title>
    <type>group</type>
    <start-constraint-date>2013-12-23T00:15:00.000Z</start-constraint-date>
    <child-task idref="t32"/>
    <child-task idref="t31"/>
    <child-task idref="t30"/>
    <child-task idref="t36"/>
    <style>
      <value key="gantt-fill-color">
        <color r="0.380392" g="0.694118" b="0.490196"/>
      </value>
    </style>
  </task>
  <task id="t13">
    <title>PHP (Need more detail after get requirement)</title>
    <type>group</type>
    <start-constraint-date>2013-12-23T00:30:00.000Z</start-constraint-date>
    <child-task idref="t15"/>
    <child-task idref="t14"/>
    <child-task idref="t35"/>
    <style>
      <value key="gantt-fill-color">
        <color r="0.847059" g="0.301961" b="0.301961"/>
      </value>
    </style>
  </task>
  <task id="t14">
    <title>Develop modules</title>
    <effort>290700</effort>
    <start-constraint-date>2013-12-26T00:00:00.000Z</start-constraint-date>
    <style>
      <value key="gantt-fill-color">
        <color r="0.847059" g="0.301961" b="0.301961"/>
      </value>
    </style>
  </task>
  <task id="t15">
    <title>Create Unit Test</title>
    <effort>87300</effort>
    <start-constraint-date>2013-12-23T00:30:00.000Z</start-constraint-date>
    <style>
      <value key="gantt-fill-color">
        <color r="0.847059" g="0.301961" b="0.301961"/>
      </value>
    </style>
    <prerequisite-task idref="t19"/>
  </task>
  <task id="t16">
    <title>Full site intergration</title>
    <effort>145800</effort>
    <start-constraint-date>2014-01-16T00:15:00.000Z</start-constraint-date>
    <style>
      <value key="gantt-fill-color">
        <color r="0.564706" g="0.376471" b="0.74902"/>
      </value>
    </style>
  </task>
  <task id="t17">
    <title>HTML,CSS</title>
    <type>group</type>
    <start-constraint-date>2013-12-20T00:15:00.000Z</start-constraint-date>
    <child-task idref="t38"/>
    <child-task idref="t39"/>
    <style>
      <value key="gantt-fill-color">
        <color r="0.902726" g="0.394159" b="0.110085"/>
      </value>
    </style>
  </task>
  <task id="t18">
    <title>Create database</title>
    <effort>28800</effort>
    <start-constraint-date>2013-12-20T00:15:00.000Z</start-constraint-date>
    <style>
      <value key="gantt-fill-color">
        <color r="0.8" g="0.721569" b="0.278431"/>
      </value>
    </style>
  </task>
  <task id="t19">
    <title>Create basic structure, create folder</title>
    <effort>28800</effort>
    <start-constraint-date>2013-12-20T00:15:00.000Z</start-constraint-date>
    <style>
      <value key="gantt-fill-color">
        <color r="0.8" g="0.721569" b="0.278431"/>
      </value>
    </style>
  </task>
  <task id="t22">
    <title>Develop Email parse tool (Python)</title>
    <effort>204300</effort>
    <start-constraint-date>2013-12-26T00:00:00.000Z</start-constraint-date>
    <style>
      <value key="gantt-fill-color">
        <color r="0.8" g="0.439216" b="0.803922"/>
      </value>
    </style>
  </task>
  <task id="t24">
    <title>SSL Configration</title>
    <effort>81900</effort>
    <start-constraint-date>2014-01-29T00:30:00.000Z</start-constraint-date>
    <style>
      <value key="gantt-fill-color">
        <color r="0.847059" g="0.301961" b="0.301961"/>
      </value>
    </style>
  </task>
  <task id="t25">
    <title>Server Configration</title>
    <type>group</type>
    <start-constraint-date>2014-01-16T00:45:00.000Z</start-constraint-date>
    <child-task idref="t28"/>
    <child-task idref="t26"/>
    <child-task idref="t27"/>
    <child-task idref="t24"/>
    <style>
      <value key="gantt-fill-color">
        <color r="0.847059" g="0.301961" b="0.301961"/>
      </value>
    </style>
  </task>
  <task id="t26">
    <title>Memcache Cache</title>
    <effort>89100</effort>
    <start-constraint-date>2014-01-21T00:00:00.000Z</start-constraint-date>
    <style>
      <value key="gantt-fill-color">
        <color r="0.847059" g="0.301961" b="0.301961"/>
      </value>
    </style>
  </task>
  <task id="t27">
    <title>Server Cluster</title>
    <effort>89100</effort>
    <start-constraint-date>2014-01-24T00:00:00.000Z</start-constraint-date>
    <style>
      <value key="gantt-fill-color">
        <color r="0.847059" g="0.301961" b="0.301961"/>
      </value>
    </style>
  </task>
  <task id="t28">
    <title>Varnish Static Cache</title>
    <effort>86400</effort>
    <start-constraint-date>2014-01-16T00:45:00.000Z</start-constraint-date>
    <style>
      <value key="gantt-fill-color">
        <color r="0.847059" g="0.301961" b="0.301961"/>
      </value>
    </style>
    <prerequisite-task idref="t13"/>
  </task>
  <task id="t30">
    <title>API intergration</title>
    <effort>117000</effort>
    <start-constraint-date>2014-01-02T08:45:00.000Z</start-constraint-date>
    <style>
      <value key="gantt-fill-color">
        <color r="0.380392" g="0.694118" b="0.490196"/>
      </value>
    </style>
  </task>
  <task id="t31">
    <title>Animations</title>
    <effort>174600</effort>
    <start-constraint-date>2013-12-30T00:15:00.000Z</start-constraint-date>
    <style>
      <value key="gantt-fill-color">
        <color r="0.380392" g="0.694118" b="0.490196"/>
      </value>
    </style>
  </task>
  <task id="t32">
    <title>Interactive functions</title>
    <effort>203400</effort>
    <start-constraint-date>2013-12-23T00:15:00.000Z</start-constraint-date>
    <style>
      <value key="gantt-fill-color">
        <color r="0.380392" g="0.694118" b="0.490196"/>
      </value>
    </style>
  </task>
  <task id="t33">
    <title>Optimization</title>
    <effort>117000</effort>
    <start-constraint-date>2014-01-23T00:00:00.000Z</start-constraint-date>
    <style>
      <value key="font-fill">
        <color r="0" g="0" b="0"/>
      </value>
      <value key="gantt-fill-color">
        <color r="0.8" g="0.721569" b="0.278431"/>
      </value>
    </style>
  </task>
  <task id="t34">
    <title>Design backend office Wireframe layout</title>
    <effort>60300</effort>
    <start-constraint-date>2013-12-20T00:15:00.000Z</start-constraint-date>
  </task>
  <task id="t35">
    <title>Develop backend office</title>
    <effort>145800</effort>
    <start-constraint-date>2014-01-09T00:15:00.000Z</start-constraint-date>
    <style>
      <value key="gantt-fill-color">
        <color r="0.847059" g="0.301961" b="0.301961"/>
      </value>
    </style>
  </task>
  <task id="t36">
    <title>Backend functions</title>
    <effort>144000</effort>
    <start-constraint-date>2014-01-09T00:45:00.000Z</start-constraint-date>
    <style>
      <value key="gantt-fill-color">
        <color r="0.380392" g="0.694118" b="0.490196"/>
      </value>
    </style>
  </task>
  <task id="t38">
    <title>Frontend</title>
    <effort>203400</effort>
    <start-constraint-date>2013-12-20T00:15:00.000Z</start-constraint-date>
    <style>
      <value key="gantt-fill-color">
        <color r="0.9" g="0.392969" b="0.109752"/>
      </value>
    </style>
  </task>
  <task id="t39">
    <title>Backend office</title>
    <effort>88200</effort>
    <start-constraint-date>2013-12-31T00:15:00.000Z</start-constraint-date>
    <style>
      <value key="gantt-fill-color">
        <color r="0.9" g="0.392969" b="0.109752"/>
      </value>
    </style>
  </task>
  <critical-path root="-1" enabled="false" resources="false">
    <color r="1" g="0.5" b="0.5"/>
  </critical-path>
</scenario>
